-- MySQL dump 10.13  Distrib 8.0.17, for Win64 (x86_64)
--
-- Host: localhost    Database: acme-jobs
-- ------------------------------------------------------
-- Server version	8.0.17

/*!40101 SET @OLD_CHARACTER_SET_CLIENT=@@CHARACTER_SET_CLIENT */;
/*!40101 SET @OLD_CHARACTER_SET_RESULTS=@@CHARACTER_SET_RESULTS */;
/*!40101 SET @OLD_COLLATION_CONNECTION=@@COLLATION_CONNECTION */;
/*!50503 SET NAMES utf8 */;
/*!40103 SET @OLD_TIME_ZONE=@@TIME_ZONE */;
/*!40103 SET TIME_ZONE='+00:00' */;
/*!40014 SET @OLD_UNIQUE_CHECKS=@@UNIQUE_CHECKS, UNIQUE_CHECKS=0 */;
/*!40014 SET @OLD_FOREIGN_KEY_CHECKS=@@FOREIGN_KEY_CHECKS, FOREIGN_KEY_CHECKS=0 */;
/*!40101 SET @OLD_SQL_MODE=@@SQL_MODE, SQL_MODE='NO_AUTO_VALUE_ON_ZERO' */;
/*!40111 SET @OLD_SQL_NOTES=@@SQL_NOTES, SQL_NOTES=0 */;

--
-- Table structure for table `administrator`
--

DROP TABLE IF EXISTS `administrator`;
/*!40101 SET @saved_cs_client     = @@character_set_client */;
/*!50503 SET character_set_client = utf8mb4 */;
CREATE TABLE `administrator` (
  `id` int(11) NOT NULL,
  `version` int(11) NOT NULL,
  `user_account_id` int(11) DEFAULT NULL,
  PRIMARY KEY (`id`),
  KEY `FK_2a5vcjo3stlfcwadosjfq49l1` (`user_account_id`),
  CONSTRAINT `FK_2a5vcjo3stlfcwadosjfq49l1` FOREIGN KEY (`user_account_id`) REFERENCES `user_account` (`id`)
) ENGINE=InnoDB DEFAULT CHARSET=utf8mb4 COLLATE=utf8mb4_0900_ai_ci;
/*!40101 SET character_set_client = @saved_cs_client */;

--
-- Dumping data for table `administrator`
--

LOCK TABLES `administrator` WRITE;
/*!40000 ALTER TABLE `administrator` DISABLE KEYS */;
INSERT INTO `administrator` VALUES (4,0,3);
/*!40000 ALTER TABLE `administrator` ENABLE KEYS */;
UNLOCK TABLES;

--
-- Table structure for table `announcement`
--

DROP TABLE IF EXISTS `announcement`;
/*!40101 SET @saved_cs_client     = @@character_set_client */;
/*!50503 SET character_set_client = utf8mb4 */;
CREATE TABLE `announcement` (
  `id` int(11) NOT NULL,
  `version` int(11) NOT NULL,
  `moment` datetime(6) DEFAULT NULL,
  `more_info` varchar(255) DEFAULT NULL,
  `text` varchar(255) DEFAULT NULL,
  `title` varchar(255) DEFAULT NULL,
  PRIMARY KEY (`id`),
  KEY `IDXnhikaa2dj3la6o2o7e9vo01y0` (`moment`)
) ENGINE=InnoDB DEFAULT CHARSET=utf8mb4 COLLATE=utf8mb4_0900_ai_ci;
/*!40101 SET character_set_client = @saved_cs_client */;

--
-- Dumping data for table `announcement`
--

LOCK TABLES `announcement` WRITE;
/*!40000 ALTER TABLE `announcement` DISABLE KEYS */;
INSERT INTO `announcement` VALUES (628,0,'2019-10-07 08:00:00.000000','http://www.example.com','This is a description of an announcement','Sample announcement 01'),(629,0,'2019-06-07 08:00:00.000000','http://www.example.com','This is a description of another announcement','Sample announcement 02'),(630,0,'1930-01-09 04:00:00.000000','http://www.example.com','This is a description of a very old announcement','Sample very old announcement 03');
/*!40000 ALTER TABLE `announcement` ENABLE KEYS */;
UNLOCK TABLES;

--
-- Table structure for table `anonymous`
--

DROP TABLE IF EXISTS `anonymous`;
/*!40101 SET @saved_cs_client     = @@character_set_client */;
/*!50503 SET character_set_client = utf8mb4 */;
CREATE TABLE `anonymous` (
  `id` int(11) NOT NULL,
  `version` int(11) NOT NULL,
  `user_account_id` int(11) DEFAULT NULL,
  PRIMARY KEY (`id`),
  KEY `FK_6lnbc6fo3om54vugoh8icg78m` (`user_account_id`),
  CONSTRAINT `FK_6lnbc6fo3om54vugoh8icg78m` FOREIGN KEY (`user_account_id`) REFERENCES `user_account` (`id`)
) ENGINE=InnoDB DEFAULT CHARSET=utf8mb4 COLLATE=utf8mb4_0900_ai_ci;
/*!40101 SET character_set_client = @saved_cs_client */;

--
-- Dumping data for table `anonymous`
--

LOCK TABLES `anonymous` WRITE;
/*!40000 ALTER TABLE `anonymous` DISABLE KEYS */;
INSERT INTO `anonymous` VALUES (2,0,1);
/*!40000 ALTER TABLE `anonymous` ENABLE KEYS */;
UNLOCK TABLES;

--
-- Table structure for table `application`
--

DROP TABLE IF EXISTS `application`;
/*!40101 SET @saved_cs_client     = @@character_set_client */;
/*!50503 SET character_set_client = utf8mb4 */;
CREATE TABLE `application` (
  `id` int(11) NOT NULL,
  `version` int(11) NOT NULL,
  `moment` datetime(6) DEFAULT NULL,
  `qualifications` varchar(255) DEFAULT NULL,
  `reference` varchar(255) DEFAULT NULL,
  `skills` varchar(255) DEFAULT NULL,
  `statement` varchar(255) DEFAULT NULL,
  `status` int(11) DEFAULT NULL,
  `job_id` int(11) NOT NULL,
  `worker_id` int(11) NOT NULL,
  PRIMARY KEY (`id`),
  UNIQUE KEY `UK_ct7r18vvxl5g4c4k7aefpa4do` (`reference`),
  KEY `IDX2q2747fhp099wkn3j2yt05fhs` (`status`),
  KEY `FKoa6p4s2oyy7tf80xwc4r04vh6` (`job_id`),
  KEY `FKmbjdoxi3o93agxosoate4sxbt` (`worker_id`),
  CONSTRAINT `FKmbjdoxi3o93agxosoate4sxbt` FOREIGN KEY (`worker_id`) REFERENCES `worker` (`id`),
  CONSTRAINT `FKoa6p4s2oyy7tf80xwc4r04vh6` FOREIGN KEY (`job_id`) REFERENCES `job` (`id`)
) ENGINE=InnoDB DEFAULT CHARSET=utf8mb4 COLLATE=utf8mb4_0900_ai_ci;
/*!40101 SET character_set_client = @saved_cs_client */;

--
-- Dumping data for table `application`
--

LOCK TABLES `application` WRITE;
/*!40000 ALTER TABLE `application` DISABLE KEYS */;
INSERT INTO `application` VALUES (698,0,'2018-12-11 22:59:00.000000','A lot','EMP1-JOB1:WOR1','A lot','Example',0,693,658),(699,0,'2018-12-11 22:59:00.000000','A lot','EMP2-JOB4:WOR1','A lot','Example',2,696,658),(700,0,'2018-12-11 22:59:00.000000','A lot','EMP1-JOB5:WOR1','A lot','Example',2,697,658),(701,0,'2018-12-11 22:59:00.000000','A lot','EMP1-JOB5:WOR2','A lot','Example',2,697,661),(702,0,'2018-12-11 22:59:00.000000','A lot','EMP2-JOB4:WOR2','A lot','Example',1,696,661);
/*!40000 ALTER TABLE `application` ENABLE KEYS */;
UNLOCK TABLES;

--
-- Table structure for table `audit`
--

DROP TABLE IF EXISTS `audit`;
/*!40101 SET @saved_cs_client     = @@character_set_client */;
/*!50503 SET character_set_client = utf8mb4 */;
CREATE TABLE `audit` (
  `id` int(11) NOT NULL,
  `version` int(11) NOT NULL,
  `body` varchar(255) DEFAULT NULL,
  `creation_moment` datetime(6) DEFAULT NULL,
  `status` int(11) DEFAULT NULL,
  `title` varchar(255) DEFAULT NULL,
  `auditor_id` int(11) NOT NULL,
  `job_id` int(11) NOT NULL,
  PRIMARY KEY (`id`),
  KEY `IDX56unvc9gsmb8lr6b24a2b8ywk` (`status`),
  KEY `FK7x4vmrfrh2nyj9mwha7np1ab4` (`auditor_id`),
  KEY `FKijp0sxquetnc9erybuvwrg2e4` (`job_id`),
  CONSTRAINT `FK7x4vmrfrh2nyj9mwha7np1ab4` FOREIGN KEY (`auditor_id`) REFERENCES `auditor` (`id`),
  CONSTRAINT `FKijp0sxquetnc9erybuvwrg2e4` FOREIGN KEY (`job_id`) REFERENCES `job` (`id`)
) ENGINE=InnoDB DEFAULT CHARSET=utf8mb4 COLLATE=utf8mb4_0900_ai_ci;
/*!40101 SET character_set_client = @saved_cs_client */;

--
-- Dumping data for table `audit`
--

LOCK TABLES `audit` WRITE;
/*!40000 ALTER TABLE `audit` DISABLE KEYS */;
INSERT INTO `audit` VALUES (703,0,'Some auditRecord1\'s things','2018-12-11 22:59:00.000000',1,'AuditRecord1',673,693),(704,0,'Some auditRecord2\'s things','2019-10-27 22:59:00.000000',1,'AuditRecord2',675,696);
/*!40000 ALTER TABLE `audit` ENABLE KEYS */;
UNLOCK TABLES;

--
-- Table structure for table `auditor`
--

DROP TABLE IF EXISTS `auditor`;
/*!40101 SET @saved_cs_client     = @@character_set_client */;
/*!50503 SET character_set_client = utf8mb4 */;
CREATE TABLE `auditor` (
  `id` int(11) NOT NULL,
  `version` int(11) NOT NULL,
  `user_account_id` int(11) DEFAULT NULL,
  `firm` varchar(255) DEFAULT NULL,
  `responsability_statement` varchar(255) DEFAULT NULL,
  PRIMARY KEY (`id`),
  KEY `FK_clqcq9lyspxdxcp6o4f3vkelj` (`user_account_id`),
  CONSTRAINT `FK_clqcq9lyspxdxcp6o4f3vkelj` FOREIGN KEY (`user_account_id`) REFERENCES `user_account` (`id`)
) ENGINE=InnoDB DEFAULT CHARSET=utf8mb4 COLLATE=utf8mb4_0900_ai_ci;
/*!40101 SET character_set_client = @saved_cs_client */;

--
-- Dumping data for table `auditor`
--

LOCK TABLES `auditor` WRITE;
/*!40000 ALTER TABLE `auditor` DISABLE KEYS */;
INSERT INTO `auditor` VALUES (673,0,671,'firm1','responsabilityStatement1'),(675,0,672,'firm2','responsabilityStatement2');
/*!40000 ALTER TABLE `auditor` ENABLE KEYS */;
UNLOCK TABLES;

--
-- Table structure for table `authenticated`
--

DROP TABLE IF EXISTS `authenticated`;
/*!40101 SET @saved_cs_client     = @@character_set_client */;
/*!50503 SET character_set_client = utf8mb4 */;
CREATE TABLE `authenticated` (
  `id` int(11) NOT NULL,
  `version` int(11) NOT NULL,
  `user_account_id` int(11) DEFAULT NULL,
  PRIMARY KEY (`id`),
  KEY `FK_h52w0f3wjoi68b63wv9vwon57` (`user_account_id`),
  CONSTRAINT `FK_h52w0f3wjoi68b63wv9vwon57` FOREIGN KEY (`user_account_id`) REFERENCES `user_account` (`id`)
) ENGINE=InnoDB DEFAULT CHARSET=utf8mb4 COLLATE=utf8mb4_0900_ai_ci;
/*!40101 SET character_set_client = @saved_cs_client */;

--
-- Dumping data for table `authenticated`
--

LOCK TABLES `authenticated` WRITE;
/*!40000 ALTER TABLE `authenticated` DISABLE KEYS */;
INSERT INTO `authenticated` VALUES (5,0,3),(653,0,651),(656,0,654),(659,0,657),(662,0,660),(674,0,671),(676,0,672),(687,0,684),(690,0,688);
/*!40000 ALTER TABLE `authenticated` ENABLE KEYS */;
UNLOCK TABLES;

--
-- Table structure for table `caceres_bulletin`
--

DROP TABLE IF EXISTS `caceres_bulletin`;
/*!40101 SET @saved_cs_client     = @@character_set_client */;
/*!50503 SET character_set_client = utf8mb4 */;
CREATE TABLE `caceres_bulletin` (
  `id` int(11) NOT NULL,
  `version` int(11) NOT NULL,
  `author` varchar(255) DEFAULT NULL,
  `moment` datetime(6) DEFAULT NULL,
  `text` varchar(255) DEFAULT NULL,
  PRIMARY KEY (`id`)
) ENGINE=InnoDB DEFAULT CHARSET=utf8mb4 COLLATE=utf8mb4_0900_ai_ci;
/*!40101 SET character_set_client = @saved_cs_client */;

--
-- Dumping data for table `caceres_bulletin`
--

LOCK TABLES `caceres_bulletin` WRITE;
/*!40000 ALTER TABLE `caceres_bulletin` DISABLE KEYS */;
INSERT INTO `caceres_bulletin` VALUES (631,0,'David Caceres','2019-09-05 23:00:00.000000','Bulletin 1'),(632,0,'David Caceres','2019-09-07 07:00:00.000000','Bulletin 2');
/*!40000 ALTER TABLE `caceres_bulletin` ENABLE KEYS */;
UNLOCK TABLES;

--
-- Table structure for table `challenge`
--

DROP TABLE IF EXISTS `challenge`;
/*!40101 SET @saved_cs_client     = @@character_set_client */;
/*!50503 SET character_set_client = utf8mb4 */;
CREATE TABLE `challenge` (
  `id` int(11) NOT NULL,
  `version` int(11) NOT NULL,
  `deadline` datetime(6) DEFAULT NULL,
  `description` varchar(255) DEFAULT NULL,
  `goal_bronze` varchar(255) DEFAULT NULL,
  `goal_gold` varchar(255) DEFAULT NULL,
  `goal_silver` varchar(255) DEFAULT NULL,
  `reward_bronze_amount` double DEFAULT NULL,
  `reward_bronze_currency` varchar(255) DEFAULT NULL,
  `reward_gold_amount` double DEFAULT NULL,
  `reward_gold_currency` varchar(255) DEFAULT NULL,
  `reward_silver_amount` double DEFAULT NULL,
  `reward_silver_currency` varchar(255) DEFAULT NULL,
  `title` varchar(255) DEFAULT NULL,
  PRIMARY KEY (`id`),
  KEY `IDXnr284tes3x8hnd3h716tmb3fr` (`deadline`)
) ENGINE=InnoDB DEFAULT CHARSET=utf8mb4 COLLATE=utf8mb4_0900_ai_ci;
/*!40101 SET character_set_client = @saved_cs_client */;

--
-- Dumping data for table `challenge`
--

LOCK TABLES `challenge` WRITE;
/*!40000 ALTER TABLE `challenge` DISABLE KEYS */;
INSERT INTO `challenge` VALUES (644,0,'2020-07-27 21:59:00.000000','Primer challenge','goal bronze','goal gold','goal silver',10,'€',30,'€',20,'€','Ejemplo challenge 1');
/*!40000 ALTER TABLE `challenge` ENABLE KEYS */;
UNLOCK TABLES;

--
-- Table structure for table `commercial_banner`
--

DROP TABLE IF EXISTS `commercial_banner`;
/*!40101 SET @saved_cs_client     = @@character_set_client */;
/*!50503 SET character_set_client = utf8mb4 */;
CREATE TABLE `commercial_banner` (
  `id` int(11) NOT NULL,
  `version` int(11) NOT NULL,
  `picture` varchar(255) DEFAULT NULL,
  `slogan` varchar(255) DEFAULT NULL,
  `targeturl` varchar(255) DEFAULT NULL,
  `sponsor_id` int(11) NOT NULL,
  `credit_card_cvv` varchar(255) DEFAULT NULL,
  `credit_card_month` int(11) DEFAULT NULL,
  `credit_card_number` varchar(255) DEFAULT NULL,
  `credit_card_year` int(11) DEFAULT NULL,
  PRIMARY KEY (`id`),
  KEY `FK_q9id3wc65gg49afc5tlr1c00n` (`sponsor_id`),
  CONSTRAINT `FK_q9id3wc65gg49afc5tlr1c00n` FOREIGN KEY (`sponsor_id`) REFERENCES `sponsor` (`id`)
) ENGINE=InnoDB DEFAULT CHARSET=utf8mb4 COLLATE=utf8mb4_0900_ai_ci;
/*!40101 SET character_set_client = @saved_cs_client */;

--
-- Dumping data for table `commercial_banner`
--

LOCK TABLES `commercial_banner` WRITE;
/*!40000 ALTER TABLE `commercial_banner` DISABLE KEYS */;
INSERT INTO `commercial_banner` VALUES (691,0,'https://www.hola.com/imagenes/estar-bien/20180831128704/ronroneo-gatos-causas/0-595-638/gato-ronroneo-1-t.jpg','Un gato very guapo','https://www.mundogatos.com/foros',685,'957',12,'5224746025394443',2020);
/*!40000 ALTER TABLE `commercial_banner` ENABLE KEYS */;
UNLOCK TABLES;

--
-- Table structure for table `company`
--

DROP TABLE IF EXISTS `company`;
/*!40101 SET @saved_cs_client     = @@character_set_client */;
/*!50503 SET character_set_client = utf8mb4 */;
CREATE TABLE `company` (
  `id` int(11) NOT NULL,
  `version` int(11) NOT NULL,
  `activities` varchar(255) DEFAULT NULL,
  `ceo` varchar(255) DEFAULT NULL,
  `email` varchar(255) DEFAULT NULL,
  `incorporated` bit(1) NOT NULL,
  `name` varchar(255) DEFAULT NULL,
  `phone` varchar(255) DEFAULT NULL,
  `sector` varchar(255) DEFAULT NULL,
  `stars` int(11) DEFAULT NULL,
  `website` varchar(255) DEFAULT NULL,
  PRIMARY KEY (`id`),
  KEY `IDXbm7mwffwxwiukjmbmt9t1qnnu` (`sector`)
) ENGINE=InnoDB DEFAULT CHARSET=utf8mb4 COLLATE=utf8mb4_0900_ai_ci;
/*!40101 SET character_set_client = @saved_cs_client */;

--
-- Dumping data for table `company`
--

LOCK TABLES `company` WRITE;
/*!40000 ALTER TABLE `company` DISABLE KEYS */;
INSERT INTO `company` VALUES (639,0,'Realizan actividades varias','Sundar Pichai','google@gmail.com',_binary '','Google','+1 2025550176','Tecnología',5,'http://google.com'),(640,0,'Tienen una aplicación de microblogging.','Jack Dorsey','twitter@twitter.com',_binary '','Twitter','905403328','Tecnología',NULL,'http://twitter.com'),(641,0,'Cadena de supermercados española.','Juan Roig','sugerencias@mercadona.es',_binary '','Mercadona','900500103','Alimentación',5,'https://www.mercadona.es/');
/*!40000 ALTER TABLE `company` ENABLE KEYS */;
UNLOCK TABLES;

--
-- Table structure for table `consumer`
--

DROP TABLE IF EXISTS `consumer`;
/*!40101 SET @saved_cs_client     = @@character_set_client */;
/*!50503 SET character_set_client = utf8mb4 */;
CREATE TABLE `consumer` (
  `id` int(11) NOT NULL,
  `version` int(11) NOT NULL,
  `user_account_id` int(11) DEFAULT NULL,
  `company` varchar(255) DEFAULT NULL,
  `sector` varchar(255) DEFAULT NULL,
  PRIMARY KEY (`id`),
  KEY `FK_6cyha9f1wpj0dpbxrrjddrqed` (`user_account_id`),
  CONSTRAINT `FK_6cyha9f1wpj0dpbxrrjddrqed` FOREIGN KEY (`user_account_id`) REFERENCES `user_account` (`id`)
) ENGINE=InnoDB DEFAULT CHARSET=utf8mb4 COLLATE=utf8mb4_0900_ai_ci;
/*!40101 SET character_set_client = @saved_cs_client */;

--
-- Dumping data for table `consumer`
--

LOCK TABLES `consumer` WRITE;
/*!40000 ALTER TABLE `consumer` DISABLE KEYS */;
/*!40000 ALTER TABLE `consumer` ENABLE KEYS */;
UNLOCK TABLES;

--
-- Table structure for table `credit_card`
--

DROP TABLE IF EXISTS `credit_card`;
/*!40101 SET @saved_cs_client     = @@character_set_client */;
/*!50503 SET character_set_client = utf8mb4 */;
CREATE TABLE `credit_card` (
  `id` int(11) NOT NULL,
  `version` int(11) NOT NULL,
  `credit_card_cvv` varchar(255) DEFAULT NULL,
  `credit_card_month` int(11) DEFAULT NULL,
  `credit_card_number` varchar(255) DEFAULT NULL,
  `credit_card_year` int(11) DEFAULT NULL,
  PRIMARY KEY (`id`)
) ENGINE=InnoDB DEFAULT CHARSET=utf8mb4 COLLATE=utf8mb4_0900_ai_ci;
/*!40101 SET character_set_client = @saved_cs_client */;

--
-- Dumping data for table `credit_card`
--

LOCK TABLES `credit_card` WRITE;
/*!40000 ALTER TABLE `credit_card` DISABLE KEYS */;
INSERT INTO `credit_card` VALUES (686,0,'957',12,'5224746025394443',2020);
/*!40000 ALTER TABLE `credit_card` ENABLE KEYS */;
UNLOCK TABLES;

--
-- Table structure for table `customisation_parameters`
--

DROP TABLE IF EXISTS `customisation_parameters`;
/*!40101 SET @saved_cs_client     = @@character_set_client */;
/*!50503 SET character_set_client = utf8mb4 */;
CREATE TABLE `customisation_parameters` (
  `id` int(11) NOT NULL,
  `version` int(11) NOT NULL,
  `spam_threshold` float NOT NULL,
  `spam_words` varchar(255) DEFAULT NULL,
  PRIMARY KEY (`id`)
) ENGINE=InnoDB DEFAULT CHARSET=utf8mb4 COLLATE=utf8mb4_0900_ai_ci;
/*!40101 SET character_set_client = @saved_cs_client */;

--
-- Dumping data for table `customisation_parameters`
--

LOCK TABLES `customisation_parameters` WRITE;
/*!40000 ALTER TABLE `customisation_parameters` DISABLE KEYS */;
INSERT INTO `customisation_parameters` VALUES (6,0,1,'sex,sexo,hard core,viagra,cialis,nigeria,you\'ve won,has ganado,million dollar,millon de dolares,millon de euros');
/*!40000 ALTER TABLE `customisation_parameters` ENABLE KEYS */;
UNLOCK TABLES;

--
-- Table structure for table `descriptor`
--

DROP TABLE IF EXISTS `descriptor`;
/*!40101 SET @saved_cs_client     = @@character_set_client */;
/*!50503 SET character_set_client = utf8mb4 */;
CREATE TABLE `descriptor` (
  `id` int(11) NOT NULL,
  `version` int(11) NOT NULL,
  `description` varchar(255) DEFAULT NULL,
  PRIMARY KEY (`id`)
) ENGINE=InnoDB DEFAULT CHARSET=utf8mb4 COLLATE=utf8mb4_0900_ai_ci;
/*!40101 SET character_set_client = @saved_cs_client */;

--
-- Dumping data for table `descriptor`
--

LOCK TABLES `descriptor` WRITE;
/*!40000 ALTER TABLE `descriptor` DISABLE KEYS */;
INSERT INTO `descriptor` VALUES (663,0,'Description 1'),(666,0,'Description 2'),(668,0,'Description 3'),(669,0,'Description 4'),(670,0,'Description 5');
/*!40000 ALTER TABLE `descriptor` ENABLE KEYS */;
UNLOCK TABLES;

--
-- Table structure for table `descriptor_duty`
--

DROP TABLE IF EXISTS `descriptor_duty`;
/*!40101 SET @saved_cs_client     = @@character_set_client */;
/*!50503 SET character_set_client = utf8mb4 */;
CREATE TABLE `descriptor_duty` (
  `descriptor_id` int(11) NOT NULL,
  `duties_id` int(11) NOT NULL,
  UNIQUE KEY `UK_kvr5rclgwa51d625rmx13ke96` (`duties_id`),
  KEY `FKqitedkrksd2w8qyp1fp5eao9f` (`descriptor_id`),
  CONSTRAINT `FK57eqqlhihwvd53ykpmsiqlx2p` FOREIGN KEY (`duties_id`) REFERENCES `duty` (`id`),
  CONSTRAINT `FKqitedkrksd2w8qyp1fp5eao9f` FOREIGN KEY (`descriptor_id`) REFERENCES `descriptor` (`id`)
) ENGINE=InnoDB DEFAULT CHARSET=utf8mb4 COLLATE=utf8mb4_0900_ai_ci;
/*!40101 SET character_set_client = @saved_cs_client */;

--
-- Dumping data for table `descriptor_duty`
--

LOCK TABLES `descriptor_duty` WRITE;
/*!40000 ALTER TABLE `descriptor_duty` DISABLE KEYS */;
INSERT INTO `descriptor_duty` VALUES (663,664),(663,665),(666,667);
/*!40000 ALTER TABLE `descriptor_duty` ENABLE KEYS */;
UNLOCK TABLES;

--
-- Table structure for table `duty`
--

DROP TABLE IF EXISTS `duty`;
/*!40101 SET @saved_cs_client     = @@character_set_client */;
/*!50503 SET character_set_client = utf8mb4 */;
CREATE TABLE `duty` (
  `id` int(11) NOT NULL,
  `version` int(11) NOT NULL,
  `description` varchar(255) DEFAULT NULL,
  `title` varchar(255) DEFAULT NULL,
  `week_percentage` float NOT NULL,
  PRIMARY KEY (`id`)
) ENGINE=InnoDB DEFAULT CHARSET=utf8mb4 COLLATE=utf8mb4_0900_ai_ci;
/*!40101 SET character_set_client = @saved_cs_client */;

--
-- Dumping data for table `duty`
--

LOCK TABLES `duty` WRITE;
/*!40000 ALTER TABLE `duty` DISABLE KEYS */;
INSERT INTO `duty` VALUES (664,0,'Duty 1 description','Duty 1',50),(665,0,'Duty 2 description','Duty 2',50),(667,0,'Duty 1 description','Duty 1',100);
/*!40000 ALTER TABLE `duty` ENABLE KEYS */;
UNLOCK TABLES;

--
-- Table structure for table `employer`
--

DROP TABLE IF EXISTS `employer`;
/*!40101 SET @saved_cs_client     = @@character_set_client */;
/*!50503 SET character_set_client = utf8mb4 */;
CREATE TABLE `employer` (
  `id` int(11) NOT NULL,
  `version` int(11) NOT NULL,
  `user_account_id` int(11) DEFAULT NULL,
  `company` varchar(255) DEFAULT NULL,
  `sector` varchar(255) DEFAULT NULL,
  PRIMARY KEY (`id`),
  KEY `FK_na4dfobmeuxkwf6p75abmb2tr` (`user_account_id`),
  CONSTRAINT `FK_na4dfobmeuxkwf6p75abmb2tr` FOREIGN KEY (`user_account_id`) REFERENCES `user_account` (`id`)
) ENGINE=InnoDB DEFAULT CHARSET=utf8mb4 COLLATE=utf8mb4_0900_ai_ci;
/*!40101 SET character_set_client = @saved_cs_client */;

--
-- Dumping data for table `employer`
--

LOCK TABLES `employer` WRITE;
/*!40000 ALTER TABLE `employer` DISABLE KEYS */;
INSERT INTO `employer` VALUES (652,0,651,'Employer 1, Inc.','Sector 1'),(655,0,654,'Employer 2, Inc.','Sector 2');
/*!40000 ALTER TABLE `employer` ENABLE KEYS */;
UNLOCK TABLES;

--
-- Table structure for table `gonzalez_bulletin`
--

DROP TABLE IF EXISTS `gonzalez_bulletin`;
/*!40101 SET @saved_cs_client     = @@character_set_client */;
/*!50503 SET character_set_client = utf8mb4 */;
CREATE TABLE `gonzalez_bulletin` (
  `id` int(11) NOT NULL,
  `version` int(11) NOT NULL,
  `author` varchar(255) DEFAULT NULL,
  `moment` datetime(6) DEFAULT NULL,
  `text` varchar(255) DEFAULT NULL,
  PRIMARY KEY (`id`)
) ENGINE=InnoDB DEFAULT CHARSET=utf8mb4 COLLATE=utf8mb4_0900_ai_ci;
/*!40101 SET character_set_client = @saved_cs_client */;

--
-- Dumping data for table `gonzalez_bulletin`
--

LOCK TABLES `gonzalez_bulletin` WRITE;
/*!40000 ALTER TABLE `gonzalez_bulletin` DISABLE KEYS */;
INSERT INTO `gonzalez_bulletin` VALUES (633,0,'Alejandro Gonzalez','2019-09-01 03:00:00.000000','Bulletin 1'),(634,0,'Alejandro Gonzalez','2019-09-18 12:00:00.000000','Bulletin 2');
/*!40000 ALTER TABLE `gonzalez_bulletin` ENABLE KEYS */;
UNLOCK TABLES;

--
-- Table structure for table `hibernate_sequence`
--

DROP TABLE IF EXISTS `hibernate_sequence`;
/*!40101 SET @saved_cs_client     = @@character_set_client */;
/*!50503 SET character_set_client = utf8mb4 */;
CREATE TABLE `hibernate_sequence` (
  `next_val` bigint(20) DEFAULT NULL
) ENGINE=InnoDB DEFAULT CHARSET=utf8mb4 COLLATE=utf8mb4_0900_ai_ci;
/*!40101 SET character_set_client = @saved_cs_client */;

--
-- Dumping data for table `hibernate_sequence`
--

LOCK TABLES `hibernate_sequence` WRITE;
/*!40000 ALTER TABLE `hibernate_sequence` DISABLE KEYS */;
INSERT INTO `hibernate_sequence` VALUES (705);
/*!40000 ALTER TABLE `hibernate_sequence` ENABLE KEYS */;
UNLOCK TABLES;

--
-- Table structure for table `investor`
--

DROP TABLE IF EXISTS `investor`;
/*!40101 SET @saved_cs_client     = @@character_set_client */;
/*!50503 SET character_set_client = utf8mb4 */;
CREATE TABLE `investor` (
  `id` int(11) NOT NULL,
  `version` int(11) NOT NULL,
  `investor_statement` varchar(255) DEFAULT NULL,
  `name` varchar(255) DEFAULT NULL,
  `sector` varchar(255) DEFAULT NULL,
  `star_number` int(11) DEFAULT NULL,
  PRIMARY KEY (`id`),
  KEY `IDX1slmmcr1g0wv9jbgun6rny0oy` (`sector`)
) ENGINE=InnoDB DEFAULT CHARSET=utf8mb4 COLLATE=utf8mb4_0900_ai_ci;
/*!40101 SET character_set_client = @saved_cs_client */;

--
-- Dumping data for table `investor`
--

LOCK TABLES `investor` WRITE;
/*!40000 ALTER TABLE `investor` DISABLE KEYS */;
INSERT INTO `investor` VALUES (647,0,'Conforme','Sample investor 01','Agricultura',1),(648,0,'Conforme','Sample investor 01','Agricultura',1),(649,0,'Conforme','Sample investor 01','Ganaderia',5),(650,0,'Conforme','Sample investor 01','Tecnología',5);
/*!40000 ALTER TABLE `investor` ENABLE KEYS */;
UNLOCK TABLES;

--
-- Table structure for table `job`
--

DROP TABLE IF EXISTS `job`;
/*!40101 SET @saved_cs_client     = @@character_set_client */;
/*!50503 SET character_set_client = utf8mb4 */;
CREATE TABLE `job` (
  `id` int(11) NOT NULL,
  `version` int(11) NOT NULL,
  `deadline` datetime(6) DEFAULT NULL,
  `more_info` varchar(255) DEFAULT NULL,
  `reference` varchar(255) DEFAULT NULL,
  `salary_amount` double DEFAULT NULL,
  `salary_currency` varchar(255) DEFAULT NULL,
  `status` int(11) DEFAULT NULL,
  `title` varchar(255) DEFAULT NULL,
  `descriptor_id` int(11) NOT NULL,
  `employer_id` int(11) NOT NULL,
  PRIMARY KEY (`id`),
  UNIQUE KEY `UK_qpodqtu8nvqkof3olnqnqcv2l` (`descriptor_id`),
  UNIQUE KEY `UK_7jmfdvs0b0jx7i33qxgv22h7b` (`reference`),
  KEY `IDXal59yunywnkwi09ps7jxpr18c` (`status`,`deadline`),
  KEY `IDX28ur9xm72oo1df9g14xhnh8h3` (`status`),
  KEY `FK3rxjf8uh6fh2u990pe8i2at0e` (`employer_id`),
  CONSTRAINT `FK3rxjf8uh6fh2u990pe8i2at0e` FOREIGN KEY (`employer_id`) REFERENCES `employer` (`id`),
  CONSTRAINT `FKfqwyynnbcsq0htxho3vchpd2u` FOREIGN KEY (`descriptor_id`) REFERENCES `descriptor` (`id`)
) ENGINE=InnoDB DEFAULT CHARSET=utf8mb4 COLLATE=utf8mb4_0900_ai_ci;
/*!40101 SET character_set_client = @saved_cs_client */;

--
-- Dumping data for table `job`
--

LOCK TABLES `job` WRITE;
/*!40000 ALTER TABLE `job` DISABLE KEYS */;
INSERT INTO `job` VALUES (693,0,'2030-12-11 22:59:00.000000','http://www.example.com','EMP1-JOB1',15000.98,'€',1,'Title 1',663,652),(694,0,'2030-12-11 22:59:00.000000','http://www.example.com','EMP1-JOB2',15000.98,'€',0,'Title 2',666,652),(695,0,'2030-12-11 22:59:00.000000','http://www.example.com','EMP2-JOB3',15000.98,'€',0,'Title 3',668,655),(696,0,'2030-12-11 22:59:00.000000','http://www.example.com','EMP2-JOB4',15000.98,'€',1,'Title 4',669,655),(697,0,'2018-12-11 22:59:00.000000','http://www.example.com','EMP1-JOB5',15000.98,'€',1,'Title 5',670,652);
/*!40000 ALTER TABLE `job` ENABLE KEYS */;
UNLOCK TABLES;

--
-- Table structure for table `marin_bulletin`
--

DROP TABLE IF EXISTS `marin_bulletin`;
/*!40101 SET @saved_cs_client     = @@character_set_client */;
/*!50503 SET character_set_client = utf8mb4 */;
CREATE TABLE `marin_bulletin` (
  `id` int(11) NOT NULL,
  `version` int(11) NOT NULL,
  `author` varchar(255) DEFAULT NULL,
  `moment` datetime(6) DEFAULT NULL,
  `text` varchar(255) DEFAULT NULL,
  PRIMARY KEY (`id`)
) ENGINE=InnoDB DEFAULT CHARSET=utf8mb4 COLLATE=utf8mb4_0900_ai_ci;
/*!40101 SET character_set_client = @saved_cs_client */;

--
-- Dumping data for table `marin_bulletin`
--

LOCK TABLES `marin_bulletin` WRITE;
/*!40000 ALTER TABLE `marin_bulletin` DISABLE KEYS */;
INSERT INTO `marin_bulletin` VALUES (635,0,'María Marín','2019-09-09 08:00:00.000000','Marin Bulletin 01'),(636,0,'María Marín','2019-09-09 10:00:00.000000','Marin Bulletin 02');
/*!40000 ALTER TABLE `marin_bulletin` ENABLE KEYS */;
UNLOCK TABLES;

--
-- Table structure for table `message`
--

DROP TABLE IF EXISTS `message`;
/*!40101 SET @saved_cs_client     = @@character_set_client */;
/*!50503 SET character_set_client = utf8mb4 */;
CREATE TABLE `message` (
  `id` int(11) NOT NULL,
  `version` int(11) NOT NULL,
  `body` varchar(255) DEFAULT NULL,
  `moment` datetime(6) DEFAULT NULL,
  `tags` varchar(255) DEFAULT NULL,
  `title` varchar(255) DEFAULT NULL,
  `creator_id` int(11) NOT NULL,
  `message_thread_id` int(11) NOT NULL,
  PRIMARY KEY (`id`),
  KEY `FKd8wmf6nghttk2h9gq7v8p9lqo` (`creator_id`),
  KEY `FKn5adlx3oqjna7aupm8gwg3fuj` (`message_thread_id`),
  CONSTRAINT `FKd8wmf6nghttk2h9gq7v8p9lqo` FOREIGN KEY (`creator_id`) REFERENCES `authenticated` (`id`),
  CONSTRAINT `FKn5adlx3oqjna7aupm8gwg3fuj` FOREIGN KEY (`message_thread_id`) REFERENCES `message_thread` (`id`)
) ENGINE=InnoDB DEFAULT CHARSET=utf8mb4 COLLATE=utf8mb4_0900_ai_ci;
/*!40101 SET character_set_client = @saved_cs_client */;

--
-- Dumping data for table `message`
--

LOCK TABLES `message` WRITE;
/*!40000 ALTER TABLE `message` DISABLE KEYS */;
INSERT INTO `message` VALUES (678,0,'Acabo de crear un thread de ejemplo.','2019-10-27 22:59:00.000000',NULL,'Mensaje 1 thread 1',659,677),(679,0,'Continúo con el thread.','2019-10-28 13:00:00.000000',NULL,'Mensaje 2 thread 1',659,677),(680,0,'Continúo con el thread.','2019-10-29 13:00:00.000000',NULL,'Mensaje 3 thread 1',656,677),(682,0,'Empiezo el thread.','2018-10-27 21:59:00.000000',NULL,'Mensaje 1 thread 2',674,681),(683,0,'Mensaje con tags de ejemplo.','2018-10-29 22:59:00.000000','cocina,animales,música','Mensaje 2 thread 2',659,681);
/*!40000 ALTER TABLE `message` ENABLE KEYS */;
UNLOCK TABLES;

--
-- Table structure for table `message_thread`
--

DROP TABLE IF EXISTS `message_thread`;
/*!40101 SET @saved_cs_client     = @@character_set_client */;
/*!50503 SET character_set_client = utf8mb4 */;
CREATE TABLE `message_thread` (
  `id` int(11) NOT NULL,
  `version` int(11) NOT NULL,
  `moment` datetime(6) DEFAULT NULL,
  `title` varchar(255) DEFAULT NULL,
  `creator_id` int(11) NOT NULL,
  PRIMARY KEY (`id`),
  KEY `FK3fa4h4tfet2kocvatib2ovhsa` (`creator_id`),
  CONSTRAINT `FK3fa4h4tfet2kocvatib2ovhsa` FOREIGN KEY (`creator_id`) REFERENCES `authenticated` (`id`)
) ENGINE=InnoDB DEFAULT CHARSET=utf8mb4 COLLATE=utf8mb4_0900_ai_ci;
/*!40101 SET character_set_client = @saved_cs_client */;

--
-- Dumping data for table `message_thread`
--

LOCK TABLES `message_thread` WRITE;
/*!40000 ALTER TABLE `message_thread` DISABLE KEYS */;
INSERT INTO `message_thread` VALUES (677,0,'2019-10-27 22:59:00.000000','Thread 1 de ejemplo',659),(681,0,'2018-10-27 21:59:00.000000','Thread 2 de ejemplo',674);
/*!40000 ALTER TABLE `message_thread` ENABLE KEYS */;
UNLOCK TABLES;

--
-- Table structure for table `non_commercial_banner`
--

DROP TABLE IF EXISTS `non_commercial_banner`;
/*!40101 SET @saved_cs_client     = @@character_set_client */;
/*!50503 SET character_set_client = utf8mb4 */;
CREATE TABLE `non_commercial_banner` (
  `id` int(11) NOT NULL,
  `version` int(11) NOT NULL,
  `picture` varchar(255) DEFAULT NULL,
  `slogan` varchar(255) DEFAULT NULL,
  `targeturl` varchar(255) DEFAULT NULL,
  `sponsor_id` int(11) NOT NULL,
  `jingle` varchar(255) DEFAULT NULL,
  PRIMARY KEY (`id`),
  KEY `FK_2l8gpcwh19e7jj513or4r9dvb` (`sponsor_id`),
  CONSTRAINT `FK_2l8gpcwh19e7jj513or4r9dvb` FOREIGN KEY (`sponsor_id`) REFERENCES `sponsor` (`id`)
) ENGINE=InnoDB DEFAULT CHARSET=utf8mb4 COLLATE=utf8mb4_0900_ai_ci;
/*!40101 SET character_set_client = @saved_cs_client */;

--
-- Dumping data for table `non_commercial_banner`
--

LOCK TABLES `non_commercial_banner` WRITE;
/*!40000 ALTER TABLE `non_commercial_banner` DISABLE KEYS */;
INSERT INTO `non_commercial_banner` VALUES (692,0,'https://encrypted-tbn0.gstatic.com/images?q=tbn%3AANd9GcQQF073qYaGwa7pO2orf-CaVqHFzQHaNQaAf53m_hDrGvaBqfRy','Una tortuga very lenta','http://www.terrariofilia.com/foro-tortugas-acuaticas/',685,'');
/*!40000 ALTER TABLE `non_commercial_banner` ENABLE KEYS */;
UNLOCK TABLES;

--
-- Table structure for table `offer`
--

DROP TABLE IF EXISTS `offer`;
/*!40101 SET @saved_cs_client     = @@character_set_client */;
/*!50503 SET character_set_client = utf8mb4 */;
CREATE TABLE `offer` (
  `id` int(11) NOT NULL,
  `version` int(11) NOT NULL,
  `deadline` datetime(6) DEFAULT NULL,
  `description` varchar(255) DEFAULT NULL,
  `max_money_amount` double DEFAULT NULL,
  `max_money_currency` varchar(255) DEFAULT NULL,
  `min_money_amount` double DEFAULT NULL,
  `min_money_currency` varchar(255) DEFAULT NULL,
  `moment` datetime(6) DEFAULT NULL,
  `ticker` varchar(255) DEFAULT NULL,
  `title` varchar(255) DEFAULT NULL,
  PRIMARY KEY (`id`),
  UNIQUE KEY `UK_iex7e8fs0fh89yxpcnm1orjkm` (`ticker`),
  KEY `IDXq2o9psuqfuqmq59f0sq57x9uf` (`deadline`)
) ENGINE=InnoDB DEFAULT CHARSET=utf8mb4 COLLATE=utf8mb4_0900_ai_ci;
/*!40101 SET character_set_client = @saved_cs_client */;

--
-- Dumping data for table `offer`
--

LOCK TABLES `offer` WRITE;
/*!40000 ALTER TABLE `offer` DISABLE KEYS */;
INSERT INTO `offer` VALUES (642,0,'2020-03-01 09:00:00.000000','Programar Java.',18000,'€',14000,'€','2019-10-20 08:00:00.000000','OAAAA-00000','Programador en Acme'),(643,0,'2020-04-03 08:00:00.000000','Programar Python.',16000,'€',12000,'€','2019-10-20 08:00:00.000000','OAAAA-00001','Programador en Acme');
/*!40000 ALTER TABLE `offer` ENABLE KEYS */;
UNLOCK TABLES;

--
-- Table structure for table `provider`
--

DROP TABLE IF EXISTS `provider`;
/*!40101 SET @saved_cs_client     = @@character_set_client */;
/*!50503 SET character_set_client = utf8mb4 */;
CREATE TABLE `provider` (
  `id` int(11) NOT NULL,
  `version` int(11) NOT NULL,
  `user_account_id` int(11) DEFAULT NULL,
  `company` varchar(255) DEFAULT NULL,
  `sector` varchar(255) DEFAULT NULL,
  PRIMARY KEY (`id`),
  KEY `FK_b1gwnjqm6ggy9yuiqm0o4rlmd` (`user_account_id`),
  CONSTRAINT `FK_b1gwnjqm6ggy9yuiqm0o4rlmd` FOREIGN KEY (`user_account_id`) REFERENCES `user_account` (`id`)
) ENGINE=InnoDB DEFAULT CHARSET=utf8mb4 COLLATE=utf8mb4_0900_ai_ci;
/*!40101 SET character_set_client = @saved_cs_client */;

--
-- Dumping data for table `provider`
--

LOCK TABLES `provider` WRITE;
/*!40000 ALTER TABLE `provider` DISABLE KEYS */;
/*!40000 ALTER TABLE `provider` ENABLE KEYS */;
UNLOCK TABLES;

--
-- Table structure for table `req`
--

DROP TABLE IF EXISTS `req`;
/*!40101 SET @saved_cs_client     = @@character_set_client */;
/*!50503 SET character_set_client = utf8mb4 */;
CREATE TABLE `req` (
  `id` int(11) NOT NULL,
  `version` int(11) NOT NULL,
  `creation_moment` datetime(6) DEFAULT NULL,
  `deadline` datetime(6) DEFAULT NULL,
  `reward_amount` double DEFAULT NULL,
  `reward_currency` varchar(255) DEFAULT NULL,
  `text` varchar(255) DEFAULT NULL,
  `ticker` varchar(255) DEFAULT NULL,
  `title` varchar(255) DEFAULT NULL,
  PRIMARY KEY (`id`),
  UNIQUE KEY `UK_k5ppoa203wtlmvp210ttcxxg2` (`ticker`),
  KEY `IDXnfbpi0hue0rf52f7hot7cxy9q` (`deadline`)
) ENGINE=InnoDB DEFAULT CHARSET=utf8mb4 COLLATE=utf8mb4_0900_ai_ci;
/*!40101 SET character_set_client = @saved_cs_client */;

--
-- Dumping data for table `req`
--

LOCK TABLES `req` WRITE;
/*!40000 ALTER TABLE `req` DISABLE KEYS */;
INSERT INTO `req` VALUES (645,0,'1990-07-12 13:00:00.000000','2020-04-03 22:00:00.000000',1000,'€','This is a description of a sample request','RABCD-01234','Sample Request 01'),(646,0,'2019-01-05 14:00:00.000000','2022-04-03 22:00:00.000000',1000,'€','This is a description of another request','RXZXZ-01234','Sample Request 02');
/*!40000 ALTER TABLE `req` ENABLE KEYS */;
UNLOCK TABLES;

--
-- Table structure for table `sanchez_bulletin`
--

DROP TABLE IF EXISTS `sanchez_bulletin`;
/*!40101 SET @saved_cs_client     = @@character_set_client */;
/*!50503 SET character_set_client = utf8mb4 */;
CREATE TABLE `sanchez_bulletin` (
  `id` int(11) NOT NULL,
  `version` int(11) NOT NULL,
  `description` varchar(255) DEFAULT NULL,
  `moment` datetime(6) DEFAULT NULL,
  `web` varchar(255) DEFAULT NULL,
  PRIMARY KEY (`id`)
) ENGINE=InnoDB DEFAULT CHARSET=utf8mb4 COLLATE=utf8mb4_0900_ai_ci;
/*!40101 SET character_set_client = @saved_cs_client */;

--
-- Dumping data for table `sanchez_bulletin`
--

LOCK TABLES `sanchez_bulletin` WRITE;
/*!40000 ALTER TABLE `sanchez_bulletin` DISABLE KEYS */;
INSERT INTO `sanchez_bulletin` VALUES (637,0,'Servicio de microblogging','2019-09-05 23:00:00.000000','http://twitter.com'),(638,0,'Servicio de búsqueda y reproducción de vídeos','2019-09-09 00:00:00.000000','http://youtube.com');
/*!40000 ALTER TABLE `sanchez_bulletin` ENABLE KEYS */;
UNLOCK TABLES;

--
-- Table structure for table `shout`
--

DROP TABLE IF EXISTS `shout`;
/*!40101 SET @saved_cs_client     = @@character_set_client */;
/*!50503 SET character_set_client = utf8mb4 */;
CREATE TABLE `shout` (
  `id` int(11) NOT NULL,
  `version` int(11) NOT NULL,
  `author` varchar(255) DEFAULT NULL,
  `moment` datetime(6) DEFAULT NULL,
  `text` varchar(255) DEFAULT NULL,
  PRIMARY KEY (`id`)
) ENGINE=InnoDB DEFAULT CHARSET=utf8mb4 COLLATE=utf8mb4_0900_ai_ci;
/*!40101 SET character_set_client = @saved_cs_client */;

--
-- Dumping data for table `shout`
--

LOCK TABLES `shout` WRITE;
/*!40000 ALTER TABLE `shout` DISABLE KEYS */;
INSERT INTO `shout` VALUES (624,0,'Sergio S','2019-09-09 08:00:00.000000','Shout 1'),(625,0,'David C','2019-09-08 08:01:00.000000','Shout 2'),(626,0,'María M','2019-09-07 07:00:00.000000','Shout 3'),(627,0,'Alejandro M','2019-09-05 23:00:00.000000','Shout 4');
/*!40000 ALTER TABLE `shout` ENABLE KEYS */;
UNLOCK TABLES;

--
-- Table structure for table `sponsor`
--

DROP TABLE IF EXISTS `sponsor`;
/*!40101 SET @saved_cs_client     = @@character_set_client */;
/*!50503 SET character_set_client = utf8mb4 */;
CREATE TABLE `sponsor` (
  `id` int(11) NOT NULL,
  `version` int(11) NOT NULL,
  `user_account_id` int(11) DEFAULT NULL,
  `organisation_name` varchar(255) DEFAULT NULL,
  `credit_card_id` int(11) DEFAULT NULL,
  PRIMARY KEY (`id`),
  KEY `FK28mvxtnmfjcwiw34vs8ryqkpa` (`credit_card_id`),
  KEY `FK_20xk0ev32hlg96kqynl6laie2` (`user_account_id`),
  CONSTRAINT `FK28mvxtnmfjcwiw34vs8ryqkpa` FOREIGN KEY (`credit_card_id`) REFERENCES `credit_card` (`id`),
  CONSTRAINT `FK_20xk0ev32hlg96kqynl6laie2` FOREIGN KEY (`user_account_id`) REFERENCES `user_account` (`id`)
) ENGINE=InnoDB DEFAULT CHARSET=utf8mb4 COLLATE=utf8mb4_0900_ai_ci;
/*!40101 SET character_set_client = @saved_cs_client */;

--
-- Dumping data for table `sponsor`
--

LOCK TABLES `sponsor` WRITE;
/*!40000 ALTER TABLE `sponsor` DISABLE KEYS */;
INSERT INTO `sponsor` VALUES (685,1,684,'Mojang',686),(689,0,688,'OneLogic',NULL);
/*!40000 ALTER TABLE `sponsor` ENABLE KEYS */;
UNLOCK TABLES;

--
-- Table structure for table `user_account`
--

DROP TABLE IF EXISTS `user_account`;
/*!40101 SET @saved_cs_client     = @@character_set_client */;
/*!50503 SET character_set_client = utf8mb4 */;
CREATE TABLE `user_account` (
  `id` int(11) NOT NULL,
  `version` int(11) NOT NULL,
  `enabled` bit(1) NOT NULL,
  `identity_email` varchar(255) DEFAULT NULL,
  `identity_name` varchar(255) DEFAULT NULL,
  `identity_surname` varchar(255) DEFAULT NULL,
  `password` varchar(255) DEFAULT NULL,
  `username` varchar(255) DEFAULT NULL,
  PRIMARY KEY (`id`),
  UNIQUE KEY `UK_castjbvpeeus0r8lbpehiu0e4` (`username`)
) ENGINE=InnoDB DEFAULT CHARSET=utf8mb4 COLLATE=utf8mb4_0900_ai_ci;
/*!40101 SET character_set_client = @saved_cs_client */;

--
-- Dumping data for table `user_account`
--

LOCK TABLES `user_account` WRITE;
/*!40000 ALTER TABLE `user_account` DISABLE KEYS */;
INSERT INTO `user_account` VALUES (1,0,_binary '\0','john.doe@acme.com','John','Doe','$2a$05$fR2bTKI.W2qU4Ey7M9MeROYeeYOh.C4XstKCvMOaFNzLZquJQc0fW','anonymous'),(3,0,_binary '','administrator@acme.com','Administrator','Acme.com','$2a$05$Kt5PFaah/Crxm7GkuW6vOunMyzYzjoITvhTjL6AX/rnFMK6Xuislm','administrator'),(651,0,_binary '','employer1@acme.com','Employer','One','$2a$05$oxv.RHsBaoi0CVhulGKp7.qJ4W6YGci7S9GkfFX/SLJ9E9.D2DMaG','employer1'),(654,0,_binary '','employer2@acme.com','Employer','Two','$2a$05$iPkgw1EYzWckVI4hjkbpZ.6dfcVnwKMXS51.x4I1NEY7v.MkjoxLu','employer2'),(657,0,_binary '','worker1@acme.com','Worker','One','$2a$05$fV8rIeene8WIdNmXag4NA.Gfmtrk.Kp017BVjgnYZ1nNHdxVhWPDm','worker1'),(660,0,_binary '','worker2@acme.com','Worker','Two','$2a$05$EOYSLXY5Nz.ezxCkioLTkuOgyjeX./XW0/.y0DQ.dskAGXyaHtao6','worker2'),(671,0,_binary '','auditor1@acme.com','Auditor','One','$2a$05$RWmY4C/RZ.tz0d0/pR6SMOag4u4ZvOn0XlQpABLut5mnKvHGlsdHS','auditor1'),(672,0,_binary '','auditor2@acme.com','Auditor','Second','$2a$05$oiT.wUeeipMXyGuaGEtI8OaSbOPsQy6VArpHcC9NHr06IFiqWii3O','auditor2'),(684,0,_binary '','sponsor1@acme.com','Sponsor','Uno','$2a$05$UDW5I8TLlGXWRHOKfukD7OCA1wB3tUD8Gz.QKibJ629vfmTYw8X5S','sponsor1'),(688,0,_binary '','sponsor2@acme.com','Sponsor','Dos','$2a$05$H3dlcq.YofRO.uW2xpbUiuSmZ7TqUU7c3op4tuW5OZOmaLzdCoUSu','sponsor2');
/*!40000 ALTER TABLE `user_account` ENABLE KEYS */;
UNLOCK TABLES;

--
-- Table structure for table `worker`
--

DROP TABLE IF EXISTS `worker`;
/*!40101 SET @saved_cs_client     = @@character_set_client */;
/*!50503 SET character_set_client = utf8mb4 */;
CREATE TABLE `worker` (
  `id` int(11) NOT NULL,
  `version` int(11) NOT NULL,
  `user_account_id` int(11) DEFAULT NULL,
  `qualifications` varchar(255) DEFAULT NULL,
  `skills` varchar(255) DEFAULT NULL,
  PRIMARY KEY (`id`),
  KEY `FK_l5q1f33vs2drypmbdhpdgwfv3` (`user_account_id`),
  CONSTRAINT `FK_l5q1f33vs2drypmbdhpdgwfv3` FOREIGN KEY (`user_account_id`) REFERENCES `user_account` (`id`)
) ENGINE=InnoDB DEFAULT CHARSET=utf8mb4 COLLATE=utf8mb4_0900_ai_ci;
/*!40101 SET character_set_client = @saved_cs_client */;

--
-- Dumping data for table `worker`
--

LOCK TABLES `worker` WRITE;
/*!40000 ALTER TABLE `worker` DISABLE KEYS */;
INSERT INTO `worker` VALUES (658,0,657,'Qualification 1, qualification 2...','Fast'),(661,0,660,'Qualification 1, qualification 2...','Fast');
/*!40000 ALTER TABLE `worker` ENABLE KEYS */;
UNLOCK TABLES;
/*!40103 SET TIME_ZONE=@OLD_TIME_ZONE */;

/*!40101 SET SQL_MODE=@OLD_SQL_MODE */;
/*!40014 SET FOREIGN_KEY_CHECKS=@OLD_FOREIGN_KEY_CHECKS */;
/*!40014 SET UNIQUE_CHECKS=@OLD_UNIQUE_CHECKS */;
/*!40101 SET CHARACTER_SET_CLIENT=@OLD_CHARACTER_SET_CLIENT */;
/*!40101 SET CHARACTER_SET_RESULTS=@OLD_CHARACTER_SET_RESULTS */;
/*!40101 SET COLLATION_CONNECTION=@OLD_COLLATION_CONNECTION */;
/*!40111 SET SQL_NOTES=@OLD_SQL_NOTES */;

-- Dump completed on 2019-12-04 23:27:18
